d, n, k, time, cilk workers
2, 10, 9, 0.000730, 12
2, 50, 9, 0.072689, 12
2, 100, 9, 0.657306, 12
2, 500, 9, 403.604271, 12
3, 10, 27, 0.022936, 12
3, 50, 27, 82.042478, 12
3, 100, 27, , 12
4, 10, 81, 0.693072, 12
4, 50, 81, , 12